tbiswas2,Tamal Biswas,CSC,tbiswas2@u.rochester.edu,
gferguson,George Ferguson,CSC,gferguson@cs.rochester.edu,
kristin.doughty,Kristin Doughty,ANT,kristin.doughty@rochester.edu,
sabramso,Scott Abramson,POL,sabramso@ur.rochester.edu,
nchin,Nancy Chin,PUB,nchin@ur.rochester.edu,
druskin,David Ruskin,BCS,druskin@bcs.rochester.edu,
kgross,Kenneth Gross,ENG,kgross@rochester.edu,
aperi,Anthony Peri,HIS,aperi@rochester.edu,
p.pian,Ping Pian,CHI,p.pian@rochester.edu,